-- ============================================================
-- Dell small mock seed data
-- Generated by generate_small_mock_data.py
-- Load AFTER applying Dell_full_schema (14 tables incl. cans_domain/cans_case/actions)
-- ============================================================

BEGIN;

INSERT INTO public.users (id, email, password_hash, role, is_active, created_at, updated_at) VALUES
(1, 'admin@dell.org.sg', '$2b$10$hSteWK/t4ybCCWcrVmAEBexl8PxJeIlY2jWOkT.5yMq3Zz4Ca2T6u', 'admin', TRUE, '2025-05-12 10:00:00', '2025-05-12 10:00:00'),
(2, 'worker1@dell.org.sg', '$2b$12$mockhashplaceholder2', 'worker', TRUE, '2026-02-02 10:00:00', '2026-02-02 10:00:00'),
(3, 'worker2@dell.org.sg', '$2b$12$mockhashplaceholder3', 'worker', TRUE, '2025-09-05 10:00:00', '2025-09-05 10:00:00'),
(4, 'worker3@dell.org.sg', '$2b$12$mockhashplaceholder4', 'worker', TRUE, '2025-05-29 10:00:00', '2025-05-29 10:00:00'),
(5, 'worker4@dell.org.sg', '$2b$12$mockhashplaceholder5', 'worker', TRUE, '2025-06-21 10:00:00', '2025-06-21 10:00:00'),
(6, 'youth1@dell.org.sg', '$2b$12$mockhashplaceholder6', 'youth', TRUE, '2026-03-18 10:00:00', '2026-03-18 10:00:00'),
(7, 'youth2@dell.org.sg', '$2b$12$mockhashplaceholder7', 'youth', TRUE, '2026-02-13 10:00:00', '2026-02-13 10:00:00'),
(8, 'youth3@dell.org.sg', '$2b$12$mockhashplaceholder8', 'youth', TRUE, '2026-03-20 10:00:00', '2026-03-20 10:00:00'),
(9, 'youth4@dell.org.sg', '$2b$12$mockhashplaceholder9', 'youth', TRUE, '2026-05-06 10:00:00', '2026-05-06 10:00:00'),
(10, 'youth5@dell.org.sg', '$2b$12$mockhashplaceholder10', 'youth', TRUE, '2026-03-31 10:00:00', '2026-03-31 10:00:00'),
(11, 'youth6@dell.org.sg', '$2b$12$mockhashplaceholder11', 'youth', TRUE, '2026-02-23 10:00:00', '2026-02-23 10:00:00'),
(12, 'youth7@dell.org.sg', '$2b$12$mockhashplaceholder12', 'youth', TRUE, '2026-05-02 10:00:00', '2026-05-02 10:00:00'),
(13, 'youth8@dell.org.sg', '$2b$12$mockhashplaceholder13', 'youth', TRUE, '2026-04-05 10:00:00', '2026-04-05 10:00:00'),
(14, 'youth9@dell.org.sg', '$2b$12$mockhashplaceholder14', 'youth', TRUE, '2026-03-26 10:00:00', '2026-03-26 10:00:00'),
(15, 'youth10@dell.org.sg', '$2b$12$mockhashplaceholder15', 'youth', TRUE, '2026-04-29 10:00:00', '2026-04-29 10:00:00'),
-- ── Test accounts with real bcrypt hashes ──────────────────────────────────
(16, 'sarah.lim@regrove.sg',   '$2a$10$sT.RypguYtoLa4SVsalDaOw/al9S17x1J/6jsrswUkmBfR4COLPTW', 'worker', TRUE, '2026-06-01 08:00:00', '2026-06-01 08:00:00'),
(17, 'james.ng@regrove.sg',    '$2a$10$KGEa8M7cUIFq3Mc5RpAvb.2WhWn6VWhkrdSNC701Z3F.dNALTc/MG', 'worker', TRUE, '2026-06-01 08:00:00', '2026-06-01 08:00:00'),
(18, 'priya.nair@regrove.sg',  '$2a$10$XtuhRXDRCj82PWz4fbNkx.OtJIU4x.y.VVIMzgpcGtEK8t0WOQQuG', 'worker', TRUE, '2026-06-01 08:00:00', '2026-06-01 08:00:00'),
(19, 'ethan.chen@youth.sg',    '$2a$10$73YNqOuqAIlfVtIwWsdcROhcS3.xK526ttqXu6WUgGwDAle7PbcRe', 'youth',  TRUE, '2026-06-01 08:00:00', '2026-06-01 08:00:00'),
(20, 'maya.ravi@youth.sg',     '$2a$10$lDS4evrEX4tM1hmfev2Mx.aiauS7/GwHiiuC13AV/LuljOJC4l.MS', 'youth',  TRUE, '2026-06-01 08:00:00', '2026-06-01 08:00:00'),
(21, 'zach.tan@youth.sg',      '$2a$10$Hn.BtF202LHRizMgeCyW2ebyMpiBa6cWdlwJBKTJ9G1Hl4g1vurWC', 'youth',  TRUE, '2026-06-01 08:00:00', '2026-06-01 08:00:00');

INSERT INTO public.worker_profiles (id, user_id, full_name, specialization, bio, created_at, updated_at) VALUES
(5, 1, 'Regrove Admin', 'Platform Oversight', 'Development admin account with a mock caseload for local testing and UI verification.', '2025-05-12 10:00:00', '2025-05-12 10:00:00'),
(1, 2, 'Kumar Abdullah', 'Youth Counselling', 'Youth Counselling caseworker supporting youth and families.', '2026-02-02 10:00:00', '2026-02-02 10:00:00'),
(2, 3, 'Devi Raj', 'Family Casework', 'Family Casework caseworker supporting youth and families.', '2025-09-05 10:00:00', '2025-09-05 10:00:00'),
(3, 4, 'Jonathan Abdullah', 'Crisis Intervention', 'Crisis Intervention caseworker supporting youth and families.', '2025-05-29 10:00:00', '2025-05-29 10:00:00'),
(4, 5, 'Devi Tan', 'Educational Support', 'Educational Support caseworker supporting youth and families.', '2025-06-21 10:00:00', '2025-06-21 10:00:00'),
(6, 16, 'Sarah Lim',   'Youth Counselling',   'Experienced youth counsellor focused on school transitions and family conflict.', '2026-06-01 08:00:00', '2026-06-01 08:00:00'),
(7, 17, 'James Ng',    'Crisis Intervention',  'Crisis caseworker with a background in high-risk youth and community referrals.', '2026-06-01 08:00:00', '2026-06-01 08:00:00'),
(8, 18, 'Priya Nair',  'Family Casework',      'Family-focused caseworker supporting caregivers and youth in at-risk households.', '2026-06-01 08:00:00', '2026-06-01 08:00:00');

INSERT INTO public.youth_profiles (id, user_id, full_name, status, age, school, interests, category, latest_risk_level, created_at, updated_at) VALUES
(1, 6, 'Koh Jun Wei', 'ACTIVE', 14, 'Crest Secondary School', 'floorball', 'Intensive Support', 'HIGH', '2026-03-18 10:00:00', '2026-03-18 10:00:00'),
(2, 7, 'Ahmad Danial bin Ismail', 'ACTIVE', 15, 'NorthLight School', 'K-pop dance', 'General Casework', 'LOW', '2026-02-13 10:00:00', '2026-02-13 10:00:00'),
(3, 8, 'Siti Zulaikha binte Ismail', 'ACTIVE', 17, 'NorthLight School', 'baking', 'Family Support', 'MEDIUM', '2026-03-20 10:00:00', '2026-03-20 10:00:00'),
(4, 9, 'Dinesh s/o Vikram', 'ACTIVE', 15, 'Crest Secondary School', 'digital art', 'General Casework', 'LOW', '2026-05-06 10:00:00', '2026-05-06 10:00:00'),
(5, 10, 'Teo Yu Xuan', 'ACTIVE', 16, 'Tampines Secondary School', 'baking', 'General Casework', 'LOW', '2026-03-31 10:00:00', '2026-03-31 10:00:00'),
(6, 11, 'Ong Yu Xuan', 'ACTIVE', 16, 'Tampines Secondary School', 'art and drawing', 'Family Support', 'MEDIUM', '2026-02-23 10:00:00', '2026-02-23 10:00:00'),
(7, 12, 'Wong Hui Min', 'ACTIVE', 13, 'NorthLight School', 'art and drawing', 'General Casework', 'LOW', '2026-05-02 10:00:00', '2026-05-02 10:00:00'),
(8, 13, 'Arun Subramaniam', 'ACTIVE', 17, 'Westwood Secondary School', 'playing the guitar', 'Family Support', 'MEDIUM', '2026-04-05 10:00:00', '2026-04-05 10:00:00'),
(9, 14, 'Nurul Huda binte Yusof', 'ACTIVE', 14, 'Crest Secondary School', 'mobile gaming', 'Intensive Support', 'CRITICAL', '2026-03-26 10:00:00', '2026-03-26 10:00:00'),
(10, 15, 'Ong Yu Xuan', 'ACTIVE', 13, 'NorthLight School', 'K-pop dance', 'General Casework', 'LOW', '2026-04-29 10:00:00', '2026-04-29 10:00:00'),
(11, 19, 'Ethan Chen',  'ACTIVE', 15, 'Bukit Panjang Govt High', 'basketball, streetwear', 'General Casework',   'LOW',    '2026-06-01 08:00:00', '2026-06-01 08:00:00'),
(12, 20, 'Maya Ravi',   'ACTIVE', 16, 'Jurong Secondary School', 'journaling, poetry',    'Family Support',     'MEDIUM', '2026-06-01 08:00:00', '2026-06-01 08:00:00'),
(13, 21, 'Zach Tan',    'ACTIVE', 14, 'Crest Secondary School',  'gaming, skateboarding', 'Intensive Support',  'HIGH',   '2026-06-01 08:00:00', '2026-06-01 08:00:00');

INSERT INTO public.worker_youth_assignments (id, worker_id, youth_id, assigned_at) VALUES
(1, 1, 2, '2026-02-13 10:00:00'),
(2, 2, 9, '2026-03-26 10:00:00'),
(3, 3, 5, '2026-04-01 10:00:00'),
(4, 4, 1, '2026-03-18 10:00:00'),
(5, 1, 7, '2026-05-06 10:00:00'),
(6, 2, 6, '2026-02-26 10:00:00'),
(7, 3, 3, '2026-03-21 10:00:00'),
(8, 4, 10, '2026-04-30 10:00:00'),
(9, 1, 4, '2026-05-07 10:00:00'),
(10, 2, 8, '2026-04-07 10:00:00'),
(11, 2, 1, '2026-03-26 10:00:00'),
(12, 3, 9, '2026-04-02 10:00:00'),
(13, 5, 1, '2026-06-01 09:00:00'),
(14, 5, 6, '2026-06-01 09:05:00'),
(15, 5, 9, '2026-06-01 09:10:00'),
-- ── Assignments for new workers ────────────────────────────────────────────
(16, 6, 11, '2026-06-01 08:30:00'),
(17, 6, 12, '2026-06-01 08:35:00'),
(18, 7, 13, '2026-06-01 08:30:00'),
(19, 7, 11, '2026-06-01 08:35:00'),
(20, 8, 12, '2026-06-01 08:30:00'),
(21, 8, 13, '2026-06-01 08:35:00');

INSERT INTO public.sessions (id, youth_id, worker_id, session_type, status, started_at, ended_at) VALUES
(1, 1, 4, 'WORKER_CHAT', 'ESCALATED', '2026-06-14 07:00:00', '2026-06-14 07:25:00'),
(2, 2, 1, 'WORKER_CHAT', 'COMPLETED', '2026-05-30 10:00:00', '2026-05-30 10:12:00'),
(3, 3, 3, 'WORKER_CHAT', 'COMPLETED', '2026-06-10 07:00:00', '2026-06-10 07:18:00'),
(4, 4, 1, 'WORKER_CHAT', 'COMPLETED', '2026-06-02 09:00:00', '2026-06-02 09:12:00'),
(5, 5, 3, 'WORKER_CHAT', 'COMPLETED', '2026-06-08 08:00:00', '2026-06-08 08:12:00'),
(6, 6, 2, 'WORKER_CHAT', 'COMPLETED', '2026-06-04 09:00:00', '2026-06-04 09:18:00'),
(7, 7, 1, 'WORKER_CHAT', 'COMPLETED', '2026-06-09 09:00:00', '2026-06-09 09:12:00'),
(8, 8, 2, 'WORKER_CHAT', 'COMPLETED', '2026-06-13 10:00:00', '2026-06-13 10:18:00'),
(9, 9, NULL, 'AI_AFTER_HOURS', 'ESCALATED', '2026-06-15 00:00:00', '2026-06-15 00:18:00'),
(10, 9, 2, 'WORKER_CHAT', 'COMPLETED', '2026-06-15 16:18:00', '2026-06-15 16:40:00'),
(11, 10, 4, 'WORKER_CHAT', 'COMPLETED', '2026-06-08 06:00:00', '2026-06-08 06:12:00'),
(12, 1, 5, 'WORKER_CHAT', 'COMPLETED', '2026-06-22 10:00:00', '2026-06-22 10:28:00'),
(13, 6, 5, 'WORKER_CHAT', 'COMPLETED', '2026-06-23 14:00:00', '2026-06-23 14:24:00'),
(14, 9, 5, 'WORKER_CHAT', 'COMPLETED', '2026-06-24 16:00:00', '2026-06-24 16:36:00'),
-- ── Sessions for new workers ───────────────────────────────────────────────
(15, 11, 6, 'WORKER_CHAT', 'COMPLETED', '2026-06-24 10:00:00', '2026-06-24 10:20:00'),
(16, 12, 6, 'WORKER_CHAT', 'COMPLETED', '2026-06-23 11:00:00', '2026-06-23 11:18:00'),
(17, 13, 7, 'WORKER_CHAT', 'COMPLETED', '2026-06-25 09:00:00', '2026-06-25 09:22:00'),
(18, 11, 7, 'WORKER_CHAT', 'COMPLETED', '2026-06-22 14:00:00', '2026-06-22 14:15:00'),
(19, 12, 8, 'WORKER_CHAT', 'COMPLETED', '2026-06-25 15:00:00', '2026-06-25 15:20:00'),
(20, 13, 8, 'WORKER_CHAT', 'COMPLETED', '2026-06-24 09:30:00', '2026-06-24 09:50:00');

INSERT INTO public.messages (id, session_id, sender_type, message_text, created_at) VALUES
(1, 1, 'YOUTH', 'I don''t really know how to say this but I haven''t been okay', '2026-06-14 07:00:00'),
(2, 1, 'WORKER', 'Thank you for telling me, Jun Wei. I want to understand better - can you share what''s been happening?', '2026-06-14 07:08:20'),
(3, 1, 'YOUTH', 'I''ve been hurting myself when things get too much, not seriously but it''s been happening more', '2026-06-14 07:16:40'),
(4, 1, 'WORKER', 'I''m really glad you told me this. Your safety matters a lot to me, and I''m going to make sure you get the right support.', '2026-06-14 07:25:00'),
(5, 2, 'YOUTH', 'hi! just wanted to share - my dance group practiced a new routine today', '2026-05-30 10:00:00'),
(6, 2, 'WORKER', 'That''s great to hear, Ahmad Danial! Glad things are going well. Keep it up :)', '2026-05-30 10:12:00'),
(7, 3, 'YOUTH', 'hi, can I talk for a bit? I''ve been feeling anxious about exams', '2026-06-10 07:00:00'),
(8, 3, 'WORKER', 'Of course, I''m here. Tell me more about what''s been going on.', '2026-06-10 07:18:00'),
(9, 4, 'YOUTH', 'hi! just wanted to share - I tried out a new digital art technique today', '2026-06-02 09:00:00'),
(10, 4, 'WORKER', 'That''s great to hear, Dinesh! Glad things are going well. Keep it up :)', '2026-06-02 09:12:00'),
(11, 5, 'YOUTH', 'hi! just wanted to share - I baked something with my sister over the weekend', '2026-06-08 08:00:00'),
(12, 5, 'WORKER', 'That''s great to hear, Yu Xuan! Glad things are going well. Keep it up :)', '2026-06-08 08:12:00'),
(13, 6, 'YOUTH', 'hi, can I talk for a bit? things at home have been tense lately', '2026-06-04 09:00:00'),
(14, 6, 'WORKER', 'Of course, I''m here. Tell me more about what''s been going on.', '2026-06-04 09:18:00'),
(15, 7, 'YOUTH', 'hi! just wanted to share - I finished a new drawing I''ve been working on', '2026-06-09 09:00:00'),
(16, 7, 'WORKER', 'That''s great to hear, Hui Min! Glad things are going well. Keep it up :)', '2026-06-09 09:12:00'),
(17, 8, 'YOUTH', 'hi, can I talk for a bit? I''ve been feeling anxious about exams', '2026-06-13 10:00:00'),
(18, 8, 'WORKER', 'Of course, I''m here. Tell me more about what''s been going on.', '2026-06-13 10:18:00'),
(19, 9, 'YOUTH', 'i dont think i want to be here anymore', '2026-06-15 00:00:00'),
(20, 9, 'AI', 'I''m really glad you reached out, Nurul Huda, and I''m taking what you said seriously. Are you safe right now?', '2026-06-15 00:03:36'),
(21, 9, 'YOUTH', 'i dont know. i just feel like everything is too much', '2026-06-15 00:07:12'),
(22, 9, 'AI', 'That sounds incredibly heavy to carry. I''m going to let your care team know right away so a real person can follow up with you soon. In the meantime, is there someone nearby you trust who can stay with you tonight?', '2026-06-15 00:10:48'),
(23, 9, 'YOUTH', 'maybe my sister, she''s home', '2026-06-15 00:14:24'),
(24, 9, 'AI', 'That''s good - please reach out to her now. Your worker will follow up with you as soon as possible.', '2026-06-15 00:18:00'),
(25, 10, 'YOUTH', 'hi', '2026-06-15 16:18:00'),
(26, 10, 'WORKER', 'Hi Nurul Huda, I heard about last night and wanted to check in with you myself. How are you feeling right now?', '2026-06-15 16:40:00'),
(27, 11, 'YOUTH', 'hi! just wanted to share - my dance group practiced a new routine today', '2026-06-08 06:00:00'),
(28, 11, 'WORKER', 'That''s great to hear, Yu Xuan! Glad things are going well. Keep it up :)', '2026-06-08 06:12:00'),
(29, 12, 'YOUTH', 'School has been really overwhelming this week and I''ve been arguing with my mum again.', '2026-06-22 10:00:00'),
(30, 12, 'WORKER', 'Thanks for being direct about it, Jun Wei. Let''s break down what has been feeling most intense first.', '2026-06-22 10:12:00'),
(31, 13, 'YOUTH', 'Things at home are still tense, but drawing has helped me calm down a bit.', '2026-06-23 14:00:00'),
(32, 13, 'WORKER', 'That''s useful to know. Let''s keep using drawing as a coping support while we plan your next family follow-up.', '2026-06-23 14:24:00'),
(33, 14, 'YOUTH', 'I still feel stressed, but it''s not as bad as last week and my sister has been checking on me.', '2026-06-24 16:00:00'),
(34, 14, 'WORKER', 'That''s a meaningful improvement. We''ll keep the safety plan active and stay in close contact this week.', '2026-06-24 16:36:00'),
(35, 15, 'YOUTH',  'Hi, things have been okay at school this week. Basketball tryouts went well.',                           '2026-06-24 10:00:00'),
(36, 15, 'WORKER', 'That''s great to hear, Ethan! Making the team would be a big confidence boost. Let''s keep that momentum going.', '2026-06-24 10:20:00'),
(37, 16, 'YOUTH',  'I wrote a poem about how I''ve been feeling. It helped a lot actually.',                                '2026-06-23 11:00:00'),
(38, 16, 'WORKER', 'I''m really glad journaling is working for you, Maya. Would you be open to sharing it with me next session?', '2026-06-23 11:18:00'),
(39, 17, 'YOUTH',  'I skipped school again on Monday. I don''t know how to explain it — I just couldn''t get out of bed.',   '2026-06-25 09:00:00'),
(40, 17, 'WORKER', 'Thank you for being honest about that, Zach. Can you tell me a bit more about what Monday morning felt like?', '2026-06-25 09:22:00'),
(41, 18, 'YOUTH',  'The basketball tryouts didn''t go the way I hoped. I''m alright though.',                                '2026-06-22 14:00:00'),
(42, 18, 'WORKER', 'That''s disappointing, but I respect how you''re handling it. What helped you stay steady today?',        '2026-06-22 14:15:00'),
(43, 19, 'YOUTH',  'My mum and I had a big argument last night. I left the house for a few hours.',                           '2026-06-25 15:00:00'),
(44, 19, 'WORKER', 'I''m glad you came back and that you''re here today. Let''s talk through what happened and how we can plan for next time.', '2026-06-25 15:20:00'),
(45, 20, 'YOUTH',  'Things are rough. My dad hasn''t come home in three days and my mum won''t talk about it.',              '2026-06-24 09:30:00'),
(46, 20, 'WORKER', 'That sounds like a lot of uncertainty to sit with. You''re not alone in this — let''s figure out what support looks like right now.', '2026-06-24 09:50:00');

INSERT INTO public.ai_summaries (id, session_id, summary_text, created_at) VALUES
(1, 1, 'Jun Wei disclosed self-harm behaviour during session. CW acknowledged disclosure and flagged for escalation and safety planning.', '2026-06-14 07:29:00'),
(2, 2, 'Ahmad Danial shared a positive update about K-pop dance. No concerns raised; rapport remains good.', '2026-05-30 10:14:00'),
(3, 3, 'Siti Zulaikha disclosed ongoing stress. CW provided supportive listening; recommend monitoring over next few sessions.', '2026-06-10 07:23:00'),
(4, 4, 'Dinesh shared a positive update about digital art. No concerns raised; rapport remains good.', '2026-06-02 09:14:00'),
(5, 5, 'Yu Xuan shared a positive update about baking. No concerns raised; rapport remains good.', '2026-06-08 08:13:00'),
(6, 6, 'Yu Xuan disclosed ongoing stress. CW provided supportive listening; recommend monitoring over next few sessions.', '2026-06-04 09:23:00'),
(7, 7, 'Hui Min shared a positive update about art and drawing. No concerns raised; rapport remains good.', '2026-06-09 09:15:00'),
(8, 8, 'Arun disclosed ongoing stress. CW provided supportive listening; recommend monitoring over next few sessions.', '2026-06-13 10:22:00'),
(9, 9, 'Nurul Huda expressed passive suicidal ideation during an after-hours chat. AI acknowledged the disclosure, conducted a brief safety check, identified a trusted person (sibling) present at home, and flagged the case for immediate care team follow-up.', '2026-06-15 00:20:00'),
(10, 10, 'Follow-up check-in after last night''s crisis disclosure. Nurul Huda engaged with CW; continued monitoring recommended.', '2026-06-15 16:44:00'),
(11, 11, 'Yu Xuan shared a positive update about K-pop dance. No concerns raised; rapport remains good.', '2026-06-08 06:14:00'),
(12, 12, 'Jun Wei reported school and family stress. Worker prioritized de-escalation, stress mapping, and a follow-up check-in later this week.', '2026-06-22 10:31:00'),
(13, 13, 'Ong Yu Xuan described continued family tension but identified drawing as a stabilising coping tool. Worker recommended ongoing monitoring and caregiver follow-up.', '2026-06-23 14:28:00'),
(14, 14, 'Nurul Huda reported modest improvement after crisis follow-up, with sibling support acting as a protective factor. Safety plan remains active.', '2026-06-24 16:41:00'),
(15, 15, 'Ethan Chen shared a positive update about basketball tryouts. Engagement is strong and no concerns were raised.', '2026-06-24 10:22:00'),
(16, 16, 'Maya Ravi described using poetry as an emotional outlet. CW encouraged continued use and proposed sharing in next session.', '2026-06-23 11:20:00'),
(17, 17, 'Zach Tan disclosed school avoidance. CW explored emotional and environmental barriers; follow-up with school counsellor recommended.', '2026-06-25 09:25:00'),
(18, 18, 'Ethan Chen reported missing basketball tryout expectations but maintained emotional stability. CW validated resilience.', '2026-06-22 14:17:00'),
(19, 19, 'Maya Ravi disclosed a significant family conflict involving leaving home. CW discussed safety and de-escalation strategies.', '2026-06-25 15:22:00'),
(20, 20, 'Zach Tan reported paternal absence over multiple days and maternal withdrawal. Significant family instability noted.', '2026-06-24 09:52:00');

INSERT INTO public.risk_assessments (id, session_id, risk_level, risk_score, reasoning, created_at) VALUES
(1, 1, 'HIGH', 5.9, 'Self-harm behaviour disclosed; elevated risk, requires follow-up and safety planning.', '2026-06-14 07:29:00'),
(2, 2, 'LOW', 2.17, 'No risk indicators present in this session.', '2026-05-30 10:14:00'),
(3, 3, 'MEDIUM', 4.96, 'Mild stress indicators present; no immediate safety concern identified.', '2026-06-10 07:23:00'),
(4, 4, 'LOW', 2.21, 'No risk indicators present in this session.', '2026-06-02 09:14:00'),
(5, 5, 'LOW', 2.13, 'No risk indicators present in this session.', '2026-06-08 08:13:00'),
(6, 6, 'MEDIUM', 3.5, 'Mild stress indicators present; no immediate safety concern identified.', '2026-06-04 09:23:00'),
(7, 7, 'LOW', 2.3, 'No risk indicators present in this session.', '2026-06-09 09:15:00'),
(8, 8, 'MEDIUM', 2.96, 'Mild stress indicators present; no immediate safety concern identified.', '2026-06-13 10:22:00'),
(9, 9, 'CRITICAL', 8.03, 'Suicidal ideation disclosed; immediate safety concern, escalated to human care team.', '2026-06-15 00:20:00'),
(10, 10, 'CRITICAL', 8.07, 'Suicidal ideation disclosed; immediate safety concern, escalated to human care team.', '2026-06-15 16:44:00'),
(11, 11, 'LOW', 2.25, 'No risk indicators present in this session.', '2026-06-08 06:14:00'),
(12, 12, 'HIGH', 5.4, 'Stress elevated due to school and family conflict; no new self-harm disclosure, but sustained close follow-up is needed.', '2026-06-22 10:31:00'),
(13, 13, 'MEDIUM', 4.1, 'Family tension persists, though coping strategies are present and engaged.', '2026-06-23 14:28:00'),
(14, 14, 'HIGH', 6.7, 'Recent crisis remains clinically significant even with modest improvement and protective factors.', '2026-06-24 16:41:00'),
(15, 15, 'LOW',    2.1, 'No risk indicators present; positive session with clear protective activity.', '2026-06-24 10:22:00'),
(16, 16, 'LOW',    1.9, 'No risk indicators present; youth using healthy emotional outlets.', '2026-06-23 11:20:00'),
(17, 17, 'HIGH',   5.8, 'School avoidance indicates significant disengagement; emotional barriers need structured follow-up.', '2026-06-25 09:25:00'),
(18, 18, 'LOW',    2.3, 'Youth managing disappointment well; no concerns noted.', '2026-06-22 14:17:00'),
(19, 19, 'MEDIUM', 4.2, 'Family conflict and brief absence from home noted; coping plan discussed; monitoring recommended.', '2026-06-25 15:22:00'),
(20, 20, 'HIGH',   5.6, 'Significant family instability with parental absence; heightened monitoring and family support referral recommended.', '2026-06-24 09:52:00');

INSERT INTO public.escalations (id, session_id, youth_id, escalation_type, description, status, created_at) VALUES
(1, 1, 1, 'SELF_HARM', 'Self Harm disclosed by Jun Wei during session; flagged for care team review.', 'IN_PROGRESS', '2026-06-14 07:38:00'),
(2, 9, 9, 'SUICIDE_RISK', 'Suicide Risk disclosed by Nurul Huda during session; flagged for care team review.', 'PENDING', '2026-06-15 00:30:00');

INSERT INTO public.worker_notes (id, worker_id, youth_id, session_id, note_text, created_at) VALUES
(1, 4, 1, 1, 'Met with Jun Wei following self-harm disclosure. Escalation raised. Plan: safety plan to be reviewed with family, increase check-in frequency.', '2026-06-14 07:50:00'),
(2, 1, 2, 2, 'Met with Ahmad Danial for a routine check-in. Doing well, engaged and positive. No concerns.', '2026-05-30 11:01:00'),
(3, 3, 3, 3, 'Met with Siti Zulaikha regarding ongoing stress. Plan: continue monitoring, check in again next week.', '2026-06-10 07:58:00'),
(4, 1, 4, 4, 'Met with Dinesh for a routine check-in. Doing well, engaged and positive. No concerns.', '2026-06-02 09:33:00'),
(5, 3, 5, 5, 'Met with Yu Xuan for a routine check-in. Doing well, engaged and positive. No concerns.', '2026-06-08 08:43:00'),
(6, 2, 6, 6, 'Met with Yu Xuan regarding ongoing stress. Plan: continue monitoring, check in again next week.', '2026-06-04 09:36:00'),
(7, 1, 7, 7, 'Met with Hui Min for a routine check-in. Doing well, engaged and positive. No concerns.', '2026-06-09 10:06:00'),
(8, 2, 8, 8, 'Met with Arun regarding ongoing stress. Plan: continue monitoring, check in again next week.', '2026-06-13 10:49:00'),
(9, 2, 9, 10, 'Reviewed handover report for Nurul Huda following after-hours crisis disclosure. Conducted in-person follow-up same day. Plan: weekly check-ins, safety plan in place, family informed.', '2026-06-15 17:20:00'),
(10, 4, 10, 11, 'Met with Yu Xuan for a routine check-in. Doing well, engaged and positive. No concerns.', '2026-06-08 06:36:00'),
(11, 5, 1, 12, 'Admin development caseload: Jun Wei presented with school and family stress. Plan: follow up on school workload, confirm family meeting availability, and review coping plan.', '2026-06-22 10:36:00'),
(12, 5, 6, 13, 'Admin development caseload: Ong Yu Xuan remains affected by family tension. Drawing and journaling remain protective coping tools; continue weekly review.', '2026-06-23 14:34:00'),
(13, 5, 9, 14, 'Admin development caseload: Nurul Huda reports slight improvement after crisis week. Maintain safety plan and high-touch follow-up.', '2026-06-24 16:45:00');

INSERT INTO public.handover_reports (id, youth_id, session_id, summary, recommended_action, reviewed, created_at) VALUES
(1, 9, 9, 'Nurul Huda disclosed passive suicidal ideation during an after-hours AI chat. Identified sibling present at home as a protective factor. Requires urgent human follow-up.', 'Case worker to conduct in-person or call follow-up within 24 hours; review safety plan.', TRUE, '2026-06-15 00:36:00');

INSERT INTO public.cans_domain (domain_id, domain_name, description, created_at) VALUES
(1, 'Life Domain Functioning', 'Captures how the youth is functioning across school, living situation, and social relationships.', '2025-05-12 10:00:00'),
(2, 'Behavioral/Emotional Needs', 'Captures the youth''s emotional and behavioural wellbeing, including mood, anxiety, and trauma-related needs.', '2025-05-12 10:00:00'),
(3, 'Risk Behaviors', 'Captures safety-related risk behaviours including self-harm, suicide risk, and runaway risk.', '2025-05-12 10:00:00'),
(4, 'Strengths', 'Captures the youth''s talents, interests, and other personal strengths to build on in case planning.', '2025-05-12 10:00:00'),
(5, 'Caregiver/Family Resources and Needs', 'Captures the resources, stressors, and needs within the youth''s family and caregiving environment.', '2025-05-12 10:00:00'),
(6, 'Cultural Factors', 'Captures the youth''s cultural identity, connection to community, and any related communication needs.', '2025-05-12 10:00:00'),
(7, 'Family/Youth Beliefs and Preferences', 'Captures the youth''s and family''s preferences regarding treatment and care planning.', '2025-05-12 10:00:00');

INSERT INTO public.cans_case (case_id, session_id, youth_id, worker_id, cans_domain_id, cans_item, cans_rating, rating_label, case_notes) VALUES
(1, 1, 1, 4, 4, 'Talents/Interests', 1, 'Watch', 'Jun Wei expressed strong interest in floorball. This can serve as a positive avenue for engagement and identity development.'),
(2, 1, 1, 4, 3, 'Self-Harm', 2, 'Action Needed', 'Self-Harm disclosed by Jun Wei during session. Action needed: CW to follow up with safety planning and increased monitoring.'),
(3, 1, 1, 4, 5, 'Family Stress', 2, 'Action Needed', 'Jun Wei continues to experience notable family-related stress. Action needed: CW to coordinate with family services for additional support.'),
(4, 2, 2, 1, 4, 'Talents/Interests', 0, 'No Evidence', 'Ahmad Danial expressed strong interest in K-pop dance. This can serve as a positive avenue for engagement and identity development.'),
(5, 2, 2, 1, 1, 'School Achievement', 0, 'No Evidence', 'No significant concerns with Ahmad Danial''s school performance at this time.'),
(6, 2, 2, 1, 5, 'Family Stress', 0, 'No Evidence', 'No significant family-related stress identified for Ahmad Danial at this time.'),
(7, 3, 3, 3, 4, 'Talents/Interests', 1, 'Watch', 'Siti Zulaikha expressed strong interest in baking. This can serve as a positive avenue for engagement and identity development.'),
(8, 3, 3, 3, 1, 'School Achievement', 1, 'Watch', 'Siti Zulaikha has mentioned some difficulty keeping up with schoolwork. CW to monitor.'),
(9, 3, 3, 3, 5, 'Family Stress', 1, 'Watch', 'Siti Zulaikha has mentioned some family-related stress. CW to monitor and support as needed.'),
(10, 4, 4, 1, 4, 'Talents/Interests', 0, 'No Evidence', 'Dinesh expressed strong interest in digital art. This can serve as a positive avenue for engagement and identity development.'),
(11, 4, 4, 1, 1, 'School Achievement', 0, 'No Evidence', 'No significant concerns with Dinesh''s school performance at this time.'),
(12, 4, 4, 1, 5, 'Family Stress', 0, 'No Evidence', 'No significant family-related stress identified for Dinesh at this time.'),
(13, 5, 5, 3, 4, 'Talents/Interests', 0, 'No Evidence', 'Yu Xuan expressed strong interest in baking. This can serve as a positive avenue for engagement and identity development.'),
(14, 5, 5, 3, 1, 'School Achievement', 0, 'No Evidence', 'No significant concerns with Yu Xuan''s school performance at this time.'),
(15, 5, 5, 3, 5, 'Family Stress', 0, 'No Evidence', 'No significant family-related stress identified for Yu Xuan at this time.'),
(16, 6, 6, 2, 4, 'Talents/Interests', 1, 'Watch', 'Yu Xuan expressed strong interest in art and drawing. This can serve as a positive avenue for engagement and identity development.'),
(17, 6, 6, 2, 1, 'School Achievement', 1, 'Watch', 'Yu Xuan has mentioned some difficulty keeping up with schoolwork. CW to monitor.'),
(18, 6, 6, 2, 5, 'Family Stress', 1, 'Watch', 'Yu Xuan has mentioned some family-related stress. CW to monitor and support as needed.'),
(19, 7, 7, 1, 4, 'Talents/Interests', 0, 'No Evidence', 'Hui Min expressed strong interest in art and drawing. This can serve as a positive avenue for engagement and identity development.'),
(20, 7, 7, 1, 1, 'School Achievement', 0, 'No Evidence', 'No significant concerns with Hui Min''s school performance at this time.'),
(21, 7, 7, 1, 5, 'Family Stress', 0, 'No Evidence', 'No significant family-related stress identified for Hui Min at this time.'),
(22, 8, 8, 2, 4, 'Talents/Interests', 1, 'Watch', 'Arun expressed strong interest in playing the guitar. This can serve as a positive avenue for engagement and identity development.'),
(23, 8, 8, 2, 1, 'School Achievement', 1, 'Watch', 'Arun has mentioned some difficulty keeping up with schoolwork. CW to monitor.'),
(24, 8, 8, 2, 5, 'Family Stress', 1, 'Watch', 'Arun has mentioned some family-related stress. CW to monitor and support as needed.'),
(25, 9, 9, 2, 4, 'Talents/Interests', 1, 'Watch', 'Nurul Huda expressed strong interest in mobile gaming. This can serve as a positive avenue for engagement and identity development.'),
(26, 10, 9, 2, 3, 'Suicide Risk', 3, 'Immediate/Intensive Action', 'Suicide Risk disclosed by Nurul Huda during session. Action needed: CW to follow up with safety planning and increased monitoring.'),
(27, 10, 9, 2, 5, 'Family Stress', 2, 'Action Needed', 'Nurul Huda continues to experience notable family-related stress. Action needed: CW to coordinate with family services for additional support.'),
(28, 11, 10, 4, 4, 'Talents/Interests', 0, 'No Evidence', 'Yu Xuan expressed strong interest in K-pop dance. This can serve as a positive avenue for engagement and identity development.'),
(29, 11, 10, 4, 1, 'School Achievement', 0, 'No Evidence', 'No significant concerns with Yu Xuan''s school performance at this time.'),
(30, 11, 10, 4, 5, 'Family Stress', 0, 'No Evidence', 'No significant family-related stress identified for Yu Xuan at this time.'),
(31, 12, 1, 5, 1, 'School Achievement', 2, 'Action Needed', 'Jun Wei reported falling behind on schoolwork and struggling to regulate stress during the school week.'),
(32, 12, 1, 5, 5, 'Family Stress', 2, 'Action Needed', 'Family conflict remains a significant pressure point for Jun Wei and is contributing to dysregulation.'),
(33, 13, 6, 5, 4, 'Talents/Interests', 1, 'Watch', 'Drawing remains a meaningful protective interest for Ong Yu Xuan and should continue to be incorporated into care planning.'),
(34, 13, 6, 5, 5, 'Family Stress', 1, 'Watch', 'Family tension remains present but currently appears manageable with ongoing support.'),
(35, 14, 9, 5, 3, 'Suicide Risk', 2, 'Action Needed', 'Recent crisis remains clinically significant despite early improvement; maintain active safety planning.'),
(36, 14, 9, 5, 7, 'Treatment/Service Persistence', 1, 'Watch', 'Nurul Huda is currently engaged with follow-up support and receptive to continued contact.');

INSERT INTO public.actions (action_id, case_id, hobbies, extra_info, encouragement, created_at) VALUES
(1, 1, 'floorball', 'CW provided information regarding the VOX Floorball community programme, including training schedule and registration.', 'CW encouraged Jun Wei''s continued interest and participation in floorball.', '2026-06-14 08:34:00'),
(2, 4, 'K-pop dance', 'CW provided information regarding a beginner K-pop dance class run by a community youth group.', 'CW encouraged Ahmad Danial''s continued interest and participation in K-pop dance.', '2026-05-30 11:05:00'),
(3, 7, 'baking', 'CW provided information regarding a baking workshop series run by a social service partner.', 'CW encouraged Siti Zulaikha''s continued interest and participation in baking.', '2026-06-10 08:32:00'),
(4, 10, 'digital art', 'CW provided information regarding a digital illustration workshop run by a youth arts collective.', 'CW encouraged Dinesh''s continued interest and participation in digital art.', '2026-06-02 09:51:00'),
(5, 13, 'baking', 'CW provided information regarding a baking workshop series run by a social service partner.', 'CW encouraged Yu Xuan''s continued interest and participation in baking.', '2026-06-08 09:43:00'),
(6, 16, 'art and drawing', 'CW provided information regarding a community art class run by a local arts group.', 'CW encouraged Yu Xuan''s continued interest and participation in art and drawing.', '2026-06-04 10:11:00'),
(7, 19, 'art and drawing', 'CW provided information regarding a community art class run by a local arts group.', 'CW encouraged Hui Min''s continued interest and participation in art and drawing.', '2026-06-09 10:12:00'),
(8, 22, 'playing the guitar', 'CW provided information regarding a beginner guitar class run by a community arts group.', 'CW encouraged Arun''s continued interest and participation in playing the guitar.', '2026-06-13 11:09:00'),
(9, 25, 'mobile gaming', 'CW provided information regarding a supervised gaming club session at the community centre.', 'CW encouraged Nurul Huda''s continued interest and participation in mobile gaming.', '2026-06-15 17:19:00'),
(10, 28, 'K-pop dance', 'CW provided information regarding a beginner K-pop dance class run by a community youth group.', 'CW encouraged Yu Xuan''s continued interest and participation in K-pop dance.', '2026-06-08 07:30:00'),
(11, 33, 'art and drawing', 'Admin development caseload: provided information on a structured community art programme that can support emotional regulation and social connection.', 'Worker reinforced that drawing is a valid coping strength worth protecting during stressful periods.', '2026-06-23 14:40:00'),
(12, 35, 'mobile gaming', 'Admin development caseload: reviewed a balanced home routine so gaming remains supervised and does not displace sleep or check-ins.', 'Worker validated Nurul Huda''s progress and encouraged continued use of trusted-family support when stress rises.', '2026-06-24 16:50:00');

INSERT INTO public.events (id, title, description, event_date, start_time, end_time, organizer_id) VALUES
(1, 'Weekly Counselling Session', 'Discussing academic goals and family updates.', '2026-06-23', '14:00:00', '15:00:00', 1),
(2, 'Art Therapy Group Workshop', 'Creative self-expression session with peers.', '2026-06-26', '10:00:00', '11:30:00', 1),
(3, 'Admin Caseload Review', 'Development seed session for viewing worker dashboard and event timelines.', '2026-06-27', '09:30:00', '10:15:00', 5),
(4, 'Safety Follow-up Call', 'Scheduled follow-up to review coping plan and home support check-in.', '2026-06-28', '16:00:00', '16:30:00', 5);

INSERT INTO public.event_youth_invites (id, event_id, youth_id, status) VALUES
(1, 1, 2, 'CONFIRMED'),
(2, 2, 2, 'PENDING'),
(3, 3, 1, 'CONFIRMED'),
(4, 3, 6, 'PENDING'),
(5, 4, 9, 'CONFIRMED');

SELECT setval('public.users_id_seq', COALESCE((SELECT MAX(id) FROM public.users), 1));
SELECT setval('public.worker_profiles_id_seq', COALESCE((SELECT MAX(id) FROM public.worker_profiles), 1));
SELECT setval('public.youth_profiles_id_seq', COALESCE((SELECT MAX(id) FROM public.youth_profiles), 1));
SELECT setval('public.worker_youth_assignments_id_seq', COALESCE((SELECT MAX(id) FROM public.worker_youth_assignments), 1));
SELECT setval('public.sessions_id_seq', COALESCE((SELECT MAX(id) FROM public.sessions), 1));
SELECT setval('public.messages_id_seq', COALESCE((SELECT MAX(id) FROM public.messages), 1));
SELECT setval('public.ai_summaries_id_seq', COALESCE((SELECT MAX(id) FROM public.ai_summaries), 1));
SELECT setval('public.risk_assessments_id_seq', COALESCE((SELECT MAX(id) FROM public.risk_assessments), 1));
SELECT setval('public.escalations_id_seq', COALESCE((SELECT MAX(id) FROM public.escalations), 1));
SELECT setval('public.worker_notes_id_seq', COALESCE((SELECT MAX(id) FROM public.worker_notes), 1));
SELECT setval('public.handover_reports_id_seq', COALESCE((SELECT MAX(id) FROM public.handover_reports), 1));
SELECT setval('public.cans_domain_domain_id_seq', COALESCE((SELECT MAX(domain_id) FROM public.cans_domain), 1));
SELECT setval('public.cans_case_case_id_seq', COALESCE((SELECT MAX(case_id) FROM public.cans_case), 1));
SELECT setval('public.actions_action_id_seq', COALESCE((SELECT MAX(action_id) FROM public.actions), 1));
SELECT setval('public.events_id_seq', COALESCE((SELECT MAX(id) FROM public.events), 1));
SELECT setval('public.event_youth_invites_id_seq', COALESCE((SELECT MAX(id) FROM public.event_youth_invites), 1));

COMMIT;
